{
  "2D": 172.88200044632,
  "3D": 5559.98500084877,
  "AFK": 201.006000041962,
  "AssetLib": 82.4949998855591,
  "Editor": 586249.402998447,
  "External": 559730.15500164,
  "Game": 10634.5870022774,
  "Script": 10069.2989933491
}