{
  "2D": 822.978000164032,
  "3D": 12369.8860018253,
  "AFK": 225.990000009537,
  "AssetLib": 312.737999916077,
  "Editor": 1060299.5249989,
  "External": 997883.274000408,
  "Game": 29363.1240024568,
  "Script": 19547.5249941348
}