{
  "2D": 643.147000074387,
  "3D": 11551.0970020294,
  "AFK": 1086.98399996758,
  "AssetLib": 118.515999794006,
  "Editor": 890509.670998813,
  "External": 830956.093000175,
  "Game": 28523.4400029184,
  "Script": 18717.377993822
}